Name,Address,Website,Phone Number,Image link
Design Proficient UK,"1 Duncannon St, London, WC2N 4JF",www.designproficient.co.uk,020 3868 7658 ,https://www.yell.com/searchfe/yframe/yelldotcom/default/_yframe/min/images/yell-dummy.png
Ayn Infotech Private Ltd,"57 Trafalgar Square, London, WC2N 5DU",www.ayninfotech.com,0118 328 7177 ,"https://c.yell.com/t_bigSquare,f_auto/74017155-c490-497b-96a9-4d0ebe565d4d_image_jpeg.jpg"
Jolly I.T Solutions Ltd,"Adam House 7-10 Adam St, London, WC2N 6AA",www.jollyit.co.uk,08003 317668 ,"https://c.yell.com/t_bigSquare,f_auto/d5ad5dda-ef41-486b-b31d-895cc05c0a61_image_jpeg.jpg"
Elia Construction UK,"90 Long Acre, London, WC2E 9RZ",www.eliacon.co.uk,020 3637 9290 ,"https://c.yell.com/t_bigRect,f_auto/c8e5b4e7-90ec-445c-9f92-4fe7350e955a_image_png.png"
Furniture Checklist,"71-75 Shelton St, London, WC2H 9JQ",www.furniturechecklist.co.uk,0333 444 8840 ,"https://c.yell.com/t_bigRect,f_auto/6a56bbe2-cfb1-4a75-a184-d42ebf0d682a_image_png.png"
Greater London Business School,"71-75 Shelton St, London, WC2H 9JQ",greaterlondonbusinessschool.co.uk?utm_source=yell&utm_medium=referral&utm_campaign=yell,020 3633 6745 ,"https://c.yell.com/t_bigRect,f_auto/bd70f3eb-9c3d-4bc4-901b-a361fc63090a_image_jpeg.jpg"
IT Valiant,"71-75 Shelton St, London, WC2H 9JQ",www.itvaliant.com,020 3291 3486 ,https://www.yell.com/searchfe/yframe/yelldotcom/default/_yframe/min/images/yell-dummy.png
YellowConnection Ltd,"71-75 Shelton St, London, WC2H 9JQ",www.yellowconnection.com,020 3026 7053 ,https://www.yell.com/searchfe/yframe/yelldotcom/default/_yframe/min/images/yell-dummy.png
Reactive Graphics,"28 Poland St, London, W1F 8QP",www.web-designlondon.co.uk,020 7018 0909 ,"https://c.yell.com/t_bigRect,f_auto/d6ea8982-2526-4633-bb16-0a3484421629_image_jpeg.jpg"
JD Web Designing,"House Of Commons, Houses Of Parliament, London, SW1A 0AA",www.jdwebdesigning.com,01392 580543 ,https://www.yell.com/searchfe/yframe/yelldotcom/default/_yframe/min/images/yell-dummy.png
Adkins Consultants Ltd,,www.adkinsconsultants.com,020 3954 8155 ,"https://c.yell.com/t_bigRect,f_auto/4971c643-4fb7-4057-9afc-6108a4e1bae3_image_jpeg.jpg"
Sparks4growth,"7 Bell Yard, London, WC2A 2JR",www.sparks4growth.com,07771 682929 ,"https://c.yell.com/t_bigRect,f_auto/25407c71-9869-46a2-8e75-874d3830cc4f_image_jpeg.jpg"
IT Enterprise,"207 Regent St, London, W1B 3HH",www.itenterprise.co.uk,020 7127 4304 ,"https://c.yell.com/t_bigRect,f_auto/42432e26-9a27-4862-8d09-3368bc714ea9_image_png.png"
Indigo Displays,"Third Floor 207 Regent St, London, W1B 3HH",www.indigodisplays.co.uk,0330 223 2703 ,"https://c.yell.com/t_bigRect,f_auto/ef3097f4-5c20-4b90-843a-07d6cf2728dc_image_jpeg.jpg"
"Star Mountain, Design for Web","Suite 407, 160, Fleet St, London, EC4A 2DQ",www.starmountain.co.uk,07366 461853 ,"https://c.yell.com/t_bigRect,f_auto/31dca9b3-0813-4616-982a-6fd71d912a44_image_jpeg.jpg"
Fincher Creatives Ltd,"85 Great Portland St, London, W1W 7LT",,07429 577713 ,"https://c.yell.com/t_bigRect,f_auto/52c3b254-fa0a-4029-8554-a8978467519f_image_png.png"
Westminster Web Design London,"24 John Islip St, London, SW1P 4LQ",westminsterwebdesign.co.uk,020 3773 0592 ,"https://c.yell.com/t_bigRect,f_auto/ff67050f-111c-49bc-97ea-ef2d7ba2ac56_image_jpeg.jpg"
Nautilus Marketing,"85 Great Portland St Marylebone, London, W1W 7LT",nautilusmarketing.co.uk,020 4513 9344 ,"https://c.yell.com/t_bigRect,f_auto/d7cfe97c-0812-4f98-b1e0-913ae3085e17_image_jpeg.jpg"
Jeszy Design,"Gresham House, 24, Holborn Viaduct, London, EC1A 2BN",www.jeszydesign.com,07751 185690 ,"https://c.yell.com/t_bigRect,f_auto/fd6476d1-fdc7-4f79-9476-cc8c75534d64_image_png.png"
Kola Design Ltd,"Unit 34 New House 67-68, Hatton Garden, London, EC1N 8JY",www.koladesign.co.uk,020 3287 3561 ,"https://c.yell.com/t_bigRect,f_auto/b092b5b5-1045-4904-9997-d84c834e5478_image_jpeg.jpg"
ITrex Web Services,"Office 7, 35-37, Ludgate Hill, London, EC4M 7JN",www.itrex.co.uk,020 3051 4567 ,"https://c.yell.com/t_bigRect,f_auto/2e57417a-e14e-48f7-a177-960d54e35d7e_image_png.png"
SMARTePLANS,"5th floor Suite 23 63-66, Hatton Garden, London, EC1N 8EL",smarteplansuk.com?utm_source=yell&utm_medium=referral&utm_campaign=yell,020 3633 5311 ,"https://c.yell.com/t_bigRect,f_auto/f9a0b347-95ee-4afd-8c14-2ffd56742314_image_jpeg.jpg"
D L Graphics,"98 Leather Lane, London, EC1N 7TX",www.dl-graphics.com,020 3376 7787 ,"https://c.yell.com/t_bigRect,f_auto/70dcea4a-7689-4ac7-a9a2-709b47ee44cf_image_jpeg.jpg"
Pimlico Building Ltd,"300 Vauxhall Bridge Rd, Westminster, London, SW1V 1AA",pimlicobuildings.co.uk,020 7976 6562 ,"https://c.yell.com/t_bigRect,f_auto/759208b6-b3fc-4941-a56e-575726bf527f_image_png.png"
SimplyPrint,"40 Bowling Green Lane, London, EC1R 0NE",www.simplyprint.com,020 3929 4597 ,"https://c.yell.com/t_bigRect,f_auto/7e89aef2-0cf0-4100-8b76-6c19ecf23133_image_png.png"
Aspinalls,"175 Gray's Inn Rd, London, WC1X 8UE",aspinalls-uk.weebly.com,0845 833 9152 ,https://www.yell.com/searchfe/yframe/yelldotcom/default/_yframe/min/images/yell-dummy.png
Front Row Furniture,"St. Martins House, 16, St. Martin's Le Grand, London, EC1A 4EN",www.frontrowfurniture.co.uk,020 7118 0418 ,"https://c.yell.com/t_bigRect,f_auto/04090f68-1b8c-4581-b0e7-4f535f473dde_image_png.png"
Websites4you.Co.Uk,"London and South East, WC2E 5JE",,0844 4820430 ,https://www.yell.com/searchfe/yframe/yelldotcom/default/_yframe/min/images/yell-dummy.png
Rosco Digital Media,"145-157 St. John St, London, EC1V 4PY",www.roscodigitalmedia.co.uk,020 3151 3821 ,"https://c.yell.com/t_bigRect,f_auto/89ee2ce0-9943-4ff3-8ecd-6baa708453df_image_png.png"
NamanModi,"Malaysia House, 57, Trafalgar Square, London, WC2N 5DU",www.namanmodi.com,020 7946 0816 ,"https://c.yell.com/t_bigSquare,f_auto/12998fe3-9820-4162-ae22-6904063ef3c6_image_jpeg.jpg"
Kall Kwik,"14 Fleet St, London, EC4Y 1AU",www.kallkwik.co.uk,020 7583 5207 ,"https://c.yell.com/t_bigRect,f_auto/fee49744-a8a8-467d-8095-85ef1746811f_image_gif.gif"
Quest Technologies (London) Ltd,"195 Whitecross St, London, EC1Y 8QP",www.questtechnologies.co.uk,020 7250 0147 ,"https://c.yell.com/t_bigRect,f_auto/e0e41f8d-a072-4516-8576-cfe7b0cebd9f_image_png.png"
Design Fusion London,"3rd floor, 185-187, Brompton Rd, London, SW3 1NE",www.designfusionlondon.co.uk,07817 806011 ,"https://c.yell.com/t_bigRect,f_auto/6c3220b7-5511-4e1c-abe4-06fce1d39530_image_jpeg.jpg"
Summit Architecture,,www.summitarchitecture.co.uk,01483 901610 ,"https://c.yell.com/t_bigRect,f_auto/0800ec45-440b-4c51-8a1b-dbf4a3fe165c_image_jpeg.jpg"
Sweans Technologies Ltd,"101 Finsbury Pavement, London, EC2A 1RS",www.sweans.com,020 8050 3145 ,"https://c.yell.com/t_bigSquare,f_auto/88401cf3-630c-4965-acdf-c50e775b11d0_image_jpeg.jpg"
Connaught,"118 Pall Mall, London, SW1Y 5ED",www.connaught.net,020 7731 0900 ,https://www.yell.com/searchfe/yframe/yelldotcom/default/_yframe/min/images/yell-dummy.png
HeeDee Studios,"Flat 502, Montgomery House, 135 Harrow Rd, London, W2 1HG",heedeestudios.com,07379 379789 ,"https://c.yell.com/t_bigRect,f_auto/c9c88317-0a3a-4d01-98a7-a67c4ffed1aa_image_png.png"
Coding Creed,"50 Liverpool St, London, EC2M 7PR",codingcreed.co.uk,020 3488 1400 ,"https://c.yell.com/t_bigRect,f_auto/f1f5051f-c581-45bd-a3f1-d6e363bd12b7_image_png.png"
High City I T Ltd,"Kemp House 152-160 City Rd, London, EC1V 2NX",www.highcityit.uk,020 3355 6516 ,"https://c.yell.com/t_bigRect,f_auto/82046095-817d-40aa-8262-e8bc20e540ae_image_png.png"
Zoom Web Media,"Monomark House, 27, Old Gloucester St, London, WC1N 3AX",www.zoomwebmedia.com,020 3630 0518 ,"https://c.yell.com/t_bigRect,f_auto/55f677b5-e374-4fb4-a551-a3c3c90df895_image_png.png"
Software Works For You Ltd,"152 City Rd, London, EC1V 2NX",www.ukbss.com,020 7129 7058 ,"https://c.yell.com/t_bigRect,f_auto/5de426e0-ffe0-431f-a345-1d408be0a564_image_png.png"
Call I.T - Computer Troubleshooters,"10a Sale Place, London, W2 1PX",www.callitltd.com,020 7460 1405 ,"https://c.yell.com/t_bigRect,f_auto/a924f61d-dd3f-4321-83e7-1a2a004c6667_image_png.png"
Panna's Creative Agency,"Kemp House, 152-160, City Rd, London, EC1V 2NX",www.pannas.net,07533 671313 ,"https://c.yell.com/t_bigSquare,f_auto/7e37c558-f1f6-41f2-8730-f2dbe9bd9763_image_jpeg.jpg"
allPlanning,"64 Nile St, London, N1 7SR",allplanning.co.uk,020 7459 4521 ,"https://c.yell.com/t_bigRect,f_auto/979fbe09-797c-4113-ac0a-4420fb87f617_image_jpeg.jpg"
FusionPos,"27 Old Gloucester St, London, WC1N 3AX",www.fusionpos.co.uk,020 7096 1455 ,"https://c.yell.com/t_bigSquare,f_auto/c15b85af-0916-4f74-8de9-97d7841f9345_image_png.png"
RJ Planning Dynamics Ltd,"101 Old St, London, EC1V 9BD",www.rjplanningdynamics.co.uk,020 7101 3765 ,"https://c.yell.com/t_bigRect,f_auto/15ec5d2e-0c7b-462d-a5b1-186f07edaaaa_image_png.png"
Panda Web Designers,"1 New Goulston St, London, E1 7QD",,07340 731948 ,"https://c.yell.com/t_bigRect,f_auto/a68626a1-bd1b-4326-a33e-f016cca5ad9d_image_jpeg.jpg"
Gplanet Construction Ltd,"Kemphouse 1160 City Rd, London, EC1V 2NX",www.gplanetcltd.com,07870 493549 ,"https://c.yell.com/t_bigRect,f_auto/e7d4461e-1e64-422d-85d2-93b2eb5baaa9_image_jpeg.jpg"
AQSO Arquitectos Office,"52 Upper St, London, N1 0QH",www.aqso.net,020 3627 0619 ,"https://c.yell.com/t_bigRect,f_auto/28fd25d2-70c8-475c-a0ff-9d9c04ca548d_image_png.png"
Brand Design Experts,"27 Old Gloucester St, London, WC1N 3AF",www.branddesignexperts.co.uk?utm_source=yell&utm_medium=referral&utm_campaign=yell,020 7060 7055 ,"https://c.yell.com/t_bigRect,f_auto/7d377c9f-1ab8-4437-9f1c-e9d8d3f0499d_image_png.png"
RH Design Group Ltd,"71-75 Shelton Street, Covent Garden, London, WC2H 9JQ",www.rhdesigngroup.co.uk,07557 041744 ,"https://c.yell.com/t_bigRect,f_auto/03c31f04-d3ce-4dfe-9047-944db8725735_image_png.png"
AD Architecture & Visualisation,"20-22 Wenlock Rd, London, N1 7GU",ad-archviz.co.uk,07570 057107 ,"https://c.yell.com/t_bigRect,f_auto/f6903db7-26e1-4ca8-950f-832ea438623e_image_jpeg.jpg"
United Food Academy,"Kemp House, 160, City Rd, London, EC1V 2NP",www.unitedfoodacademy.co.uk,07411 801254 ,"https://c.yell.com/t_bigRect,f_auto/91a92842-c5d8-4ea0-9a41-bfd1b2319d18_image_png.png"
YouCom Media,"100 Bishopsgate, London, EC2N 4AG",www.youcom.co.uk,020 3130 4886 ,"https://c.yell.com/t_bigRect,f_auto/34f81b06-dc39-4a93-851e-ee38cbdfed1e_image_jpeg.jpg"
Digital Fruits Ltd,"20-22 Wenlock Rd, London, N1 7GU",www.digitalfruits.net,01708 871383 ,"https://c.yell.com/t_bigRect,f_auto/ed90c519-8699-409e-ba46-888372c342d3_image_png.png"
Top Left Design,"Studio 1, 12, Bourchier St, London, W1D 4HZ",www.topleftdesign.com,020 7036 0560 ,"https://c.yell.com/t_bigRect,f_auto/5ac95496-57a3-4f61-97a3-5845de77238c_image_jpeg.jpg"
Pixel Values Technolabs,"2-4 Brushfield St, London, E1 6AN",www.pixelvalues.com,07126 611379 ,"https://c.yell.com/t_bigSquare,f_auto/d1f43a2c-9037-4078-8c43-dfd9d9c3da7b_image_jpeg.jpg"
Demko-UK Ltd,"152-160 City Rd, London, EC1V 2NX",demko.co.uk,020 7700 3915 ,"https://c.yell.com/t_bigRect,f_auto/04976248-4133-41d0-a981-0d7a7e78e6be_image_png.png"
The Builders Hub,"3rd floor, 86-90, Paul St, London, EC2A 4NE",thebuildershub.co.uk?utm_source=yell&utm_medium=referral&utm_campaign=yell,020 3633 9282 ,"https://c.yell.com/t_bigRect,f_auto/19be13c0-e369-4308-ab3d-2596b1ac8bfd_image_jpeg.jpg"
C W D Ltd,"21 Bonny St, London, NW1 9PE",www.cwdlondon.com,020 7284 3761 ,"https://c.yell.com/t_bigRect,f_auto/fee2565f-7349-45da-ab6e-e5aef1a22531_image_jpeg.jpg"
GWebDev,,gwebdev.com,020 3488 4146 ,"https://c.yell.com/t_bigRect,f_auto/0b97d47e-eaf0-4e9e-bb79-7a9de8f7445a_image_jpeg.jpg"
Creative Vision London,"90 Long Acre, LONDON, WC2E 9RZ",,020 3910 6597 ,"https://c.yell.com/t_bigRect,f_auto/925f4301-381e-43b9-aefe-638e4cf2bb18_image_png.png"
Down In My Soul,"Flat 44, Kingsgate House, Gosling Way, London, SW9 6JX",vicky101baker.wixsite.com,07366 766356 ,"https://c.yell.com/t_bigRect,f_auto/d75bcee9-d671-4703-8f2b-913ca3019b52_application_pdf.jpg"
Immersive Experiences,"86-90 Paul St, London, EC2A 4NE",www.immersive-experiences.co.uk?utm_source=yell&utm_medium=refferal&utm_campaign=yell,0800 311 8360 ,"https://c.yell.com/t_bigSquare,f_auto/8ffd1e05-04ad-43f9-9686-3cf461de5986_image_jpeg.jpg"
Creative Circle,"90 Long Acre, London, WC2E 9LY",www.creativecircle.co.uk,020 7636 1223 ,"https://c.yell.com/t_bigRect,f_auto/76e8f0c5-f45c-446e-8568-99f864039a5f_image_png.png"
E V Printers,"1st Floor Unit C 23 Heneage St, London, E1 5LJ",ezprinters.co.uk,020 8144 0304 ,"https://c.yell.com/t_bigRect,f_auto/7d50a461-25b1-443c-a524-81f7480821f6_image_png.png"
Unit 9,"1st Floor The Lux Building, 2-4 Hoxton Square, London, N1 6NU",www.unit9.com,020 7613 3330 ,https://www.yell.com/searchfe/yframe/yelldotcom/default/_yframe/min/images/yell-dummy.png
Local Web UK Ltd,"12 Bridewell Place, London, EC4V 6AP",local-web.co.uk,020 3769 1641 ,"https://c.yell.com/t_bigRect,f_auto/40460ec9-2fa0-41ae-94ee-1ece1501372e_image_png.png"
Auggus Ltd,"71-75 Shelton St, London, WC2H 9JQ",www.auggus.com,0800 001 6600 ,"https://c.yell.com/t_bigRect,f_auto/5acaaf78-2276-4a42-a2d6-4dfbb9c0fba6_image_png.png"
Dresden Grosser,"Garden Studios, 71-75, Shelton St, London, WC2H 9JQ",dresdengrosser.co.uk,020 3637 5504 ,"https://c.yell.com/t_bigRect,f_auto/84a19ba1-85e0-461d-b7ed-94ce33a547f0_image_png.png"
24/7 Website Designing,"International House, 39, Great Windmill St, London, W1D 7LX",www.cheapwebsitedesign247.co.uk,020 7993 5898 ,https://www.yell.com/searchfe/yframe/yelldotcom/default/_yframe/min/images/yell-dummy.png
Crowns Digital,"241a Bethnal Green Rd, London, E2 6AB",www.crownsdigital.co.uk,020 3222 5464 ,"https://c.yell.com/t_bigRect,f_auto/9db41ba7-5923-48e3-86a2-ab91f840127b_image_png.png"
HestaBit Ltd,"71-75 Shelton St, London, WC2H 9JQ",www.hestabit.com,07441 954088 ,"https://c.yell.com/t_bigRect,f_auto/9c15c298-c60c-4804-bf89-36cc4a6142e2_image_png.png"
Website Helper,"6 Fowler House Halton Rd, London, N1 2EW",www.websitehelper.co.uk,020 7704 1077 ,https://www.yell.com/searchfe/yframe/yelldotcom/default/_yframe/min/images/yell-dummy.png
Banana Cable Co.Ltd,"71-75 Shelton St, London, WC2H 9JQ",www.bananacable.co.uk,020 3886 0886 ,"https://c.yell.com/t_bigRect,f_auto/9c3c3205-3dad-48b3-ab2f-95356ea362f6_image_jpeg.jpg"
Website Helper,"6 Fowler House Halton Rd, London, N1 2EW",www.websitehelper.co.uk,020 7704 1077 ,https://www.yell.com/searchfe/yframe/yelldotcom/default/_yframe/min/images/yell-dummy.png
Invis Ltd,"71-75 Shelton St, London, WC2H 9JQ",www.invislondon.com?utm_source=yell&utm_medium=referral&utm_campaign=yell,07575 232000 ,https://www.yell.com/searchfe/yframe/yelldotcom/default/_yframe/min/images/yell-dummy.png
Moo.com,"27 Boxpark, 2-4 Bethnal Green Road, LONDON, E1 6GY",,020 7392 2780 ,"https://c.yell.com/t_bigRect,f_auto/3188172d-3fe2-4cc1-b341-8469de046218_image_png.png"
Freelancing Solution,"90 Long Acre, London, WC2E 9RZ",www.freelancingsolution.com,020 7965 0754 ,https://www.yell.com/searchfe/yframe/yelldotcom/default/_yframe/min/images/yell-dummy.png
Tavistock Tutors Ltd,"30 Brewer St, London, W1F 0SS",tavistocktutors.com,020 7803 1190 ,"https://c.yell.com/t_bigSquare,f_auto/7d0df872-628a-4035-88a0-f23139491a85_image_png.png"
MLA Architecture Ltd,"67 Wingate Square, London, SW4 0AF",mla-architecture.co.uk,020 3859 9579 ,"https://c.yell.com/t_bigRect,f_auto/3a02da7d-1323-4c74-b1e8-0ba31056ad50_image_jpeg.jpg"
AH&Z Associates Ltd,"131 Whitechapel Rd, London, E1 1DT",www.ahzassociates.co.uk,020 7377 9630 ,"https://c.yell.com/t_bigSquare,f_auto/ba62dad9-ede8-4a5a-877f-b0c3b8d8ee3c_image_png.png"
Zing Works Ltd,"2 Pembridge Rd, London, W11 3HL",www.zingworks.co.uk,07551 868416 ,"https://c.yell.com/t_bigSquare,f_auto/9366146b-a99a-49c7-85f3-a3ef9631ca0d_image_jpeg.jpg"
Social SinQ,"71-75 Shelton St, London, WC2H 9JQ",www.socialsinq.com,07901 343752 ,https://www.yell.com/searchfe/yframe/yelldotcom/default/_yframe/min/images/yell-dummy.png
LEC Education,"153-157 Commercial Rd, London, E1 2DA",leceducation.co.uk,0333 011 5556 ,"https://c.yell.com/t_bigSquare,f_auto/aae8e01c-b194-4837-be98-6562a6495a71_image_jpeg.jpg"
Mak Creative Design,"430 Linen Hall, 162-168, Regent Street, London, W1B 5TB",makcreativedesign.co.uk,07367 794696 ,"https://c.yell.com/t_bigRect,f_auto/e610ce8e-1879-444a-8dd9-48ac60446a1b_image_gif.gif"
Next Age Solutions,"71-75 Shelton St, London, WC2H 9JQ",www.designsvalley.com,020 8123 8711 ,https://www.yell.com/searchfe/yframe/yelldotcom/default/_yframe/min/images/yell-dummy.png
Shrinext Ltd,"71-75 Shelton St, London, WC2H 9JQ",shrinext.co.uk,07782 500082 ,https://www.yell.com/searchfe/yframe/yelldotcom/default/_yframe/min/images/yell-dummy.png
Planet Web Solution,"Sovereign House, 212-224, Shaftesbury Avenue, London, WC2H 8HQ",www.planetwebsolution.com,020 7097 5970 ,"https://c.yell.com/t_bigSquare,f_auto/ccf47373-414d-4ee6-aa28-c24f5466b5b5_image_jpeg.jpg"
The French Bedroom Co,"Apsley House Butlers Green Rd, Haywards Heath, RH16 4AH",www.frenchbedroomcompany.co.uk,01444 415430 ,"https://c.yell.com/t_bigRect,f_auto/740dcae1-e1f5-4e20-8e9b-d6491904735c_image_jpeg.jpg"
Microvera Ltd,"22 Notting Hill Gate, London, W11 3JE",microvera.co.uk,07463 899555 ,"https://c.yell.com/t_bigRect,f_auto/409fe494-1bfd-4e93-b402-0ba0b61ab6c9_image_png.png"
Align Architects,"Unit 1 Webster Rd, London, SE16 4DR",www.alignarchitects.co.uk,07722 357548 ,"https://c.yell.com/t_bigRect,f_auto/72f6f62d-0c0f-4f0f-b052-e4d405fabd92_image_jpeg.jpg"
Tech-Cube,"Flat 12/A, Rusper Court, Clapham Rd, London, SW9 9EG",www.tech-cube.com,07493 910090 ,"https://c.yell.com/t_bigRect,f_auto/3db477fa-12ca-4da2-90bf-4d0b9d952241_image_png.png"
We Built Your Website Ltd,"6 Vigo St, London, W1S 3HB",webuiltyourwebsite.com,01372 747842 ,"https://c.yell.com/t_bigRect,f_auto/0fe3aef4-22c8-43f1-8fb6-1d7d43c3976e_image_png.png"
Cabling Team,"17 Action House, 53, Sandgate Street, London, SE15 1LE",www.cabling.team,020 3859 2989 ,"https://c.yell.com/t_bigRect,f_auto/4c35e627-b326-4fd0-828b-d7fa26780f44_image_jpeg.jpg"
Mark Jordan Architecture & Design,"98 St John's Rd, London, SW11 1PX",www.markjordan.co.uk,020 3955 8812 ,"https://c.yell.com/t_bigRect,f_auto/7429f7db-b9a5-4888-8188-3fde78abe32c_image_jpeg.jpg"
Nyheke Lambert Ltd,"The Biscuit Factory, 304 Cocoa Studios, 100, Drummond Rd, London, SE16 4DG",www.nyhekelambert.com,07881 557635 ,"https://c.yell.com/t_bigRect,f_auto/ec744564-6dfd-42cd-a21d-5dee03369a86_image_jpeg.jpg"
SEO Agency London,"10 Lower Rd, London, SE16 2XB",www.search-creative.co.uk,0800 978 8360 ,"https://c.yell.com/t_bigSquare,f_auto/b7a87d09-ace5-4a1d-b99d-42160359965a_image_png.png"
Crowns Digital Print Design Services,"241 Bethnal Green Road, LONDON, E2 6AB",,020 3222 5464 ,https://www.yell.com/searchfe/yframe/yelldotcom/default/_yframe/min/images/yell-dummy.png
Marco Mattiello Freelance Web Designer & Graphic Designer,"52 Fairbridge Rd, London, N19 3HZ",marcomattiello.com,07999 716570 ,"https://c.yell.com/t_bigRect,f_auto/3e4904f4-c2b2-42da-825f-528e92c46810_image_png.png"
O M K Design,"Stephen Building, 30, Gresse St, London, W1T 1QR",www.omkdesign.com,020 7631 1335 ,"https://c.yell.com/t_bigRect,f_auto/a13188e2-baef-447f-9698-7d077365aab2_image_png.png"
Dream Web Optic,"58-60 Nelson St, London, E1 2DE",www.dweboptic.com,020 3490 3200 ,https://www.yell.com/searchfe/yframe/yelldotcom/default/_yframe/min/images/yell-dummy.png
Casino Mucho,"94-97 Great Russell St, London, WC1B 3LB",casinomucho.com,020 7836 6231 ,"https://c.yell.com/t_bigSquare,f_auto/baf047ba-4535-4fb5-8e24-1059d6094569_image_jpeg.jpg"
Diginow - Web Design Agency,"7 Bell Yard, London, WC2A 2JR",www.diginow.co.uk,020 7183 5653 ,"https://c.yell.com/t_bigRect,f_auto/aa50fa86-49cc-43e6-936a-3faf0afeffcf_image_png.png"
Lavender Leonardos,"Unit 151, Battersea Business Centre 99, London, SW11 5QL",lavenderleonardos.art,07580 597342 ,"https://c.yell.com/t_bigRect,f_auto/0d737a42-9ce1-498b-a835-4b2597aeb19f_image_jpeg.jpg"
Sabri Technologies,"Crusader House, 145-157, St. John St, London, EC1V 4PY",portfolio.sabritech.com,020 7993 8546 ,https://www.yell.com/searchfe/yframe/yelldotcom/default/_yframe/min/images/yell-dummy.png
Cohanim Architecture,"207 Regent St, London, W1B 3HH",cohanimarchitecture.com,020 3697 4197 ,"https://c.yell.com/t_bigRect,f_auto/b89bb19b-f68b-4b42-b759-d750c631b700_image_jpeg.jpg"
K D Web,"2 Stephen St, London, W1T 1AN",www.kdweb.co.uk,0845 458 0555 ,https://www.yell.com/searchfe/yframe/yelldotcom/default/_yframe/min/images/yell-dummy.png
Tonniez Media Ltd,"Tonniez Group Holdings 3rd floor, 207, Regent St, London, W1B 3HH",www.TonniezMedia.uk,020 7760 7518 ,"https://c.yell.com/t_bigRect,f_auto/d747ccbd-234d-44ee-8b84-cc75edefe94c_image_jpeg.jpg"
C Factory Ltd,"Tavistock Chambers, 40, Bloomsbury Way, London, WC1A 2SE",www.cfactory.co.uk,07715 236789 ,https://www.yell.com/searchfe/yframe/yelldotcom/default/_yframe/min/images/yell-dummy.png
Creative Navy,"207 Regent St, London, W1B 3HH",www.interface-design.co.uk,020 8144 1594 ,"https://c.yell.com/t_bigRect,f_auto/dde3bcc2-2e9b-4c9f-bcf9-5da8d55a57d2_image_png.png"
House of Blake,,www.houseofblake.uk,077809 45434 ,"https://c.yell.com/t_bigRect,f_auto/2062ffef-fc85-4f60-bc64-5c51d2183fcf_image_jpeg.jpg"
Underwaterpistol Ltd,"10 Bloomsbury Way, London, WC1A 2SL",www.underwaterpistol.com,020 3701 6789 ,https://www.yell.com/searchfe/yframe/yelldotcom/default/_yframe/min/images/yell-dummy.png
No New Media,"Artist House, 35, Little Russell St, London, WC1A 2HH",www.iakmedia.com,020 3726 0596 ,https://www.yell.com/searchfe/yframe/yelldotcom/default/_yframe/min/images/yell-dummy.png
Norton Suppport,"177 Denmark Hill, London, SE5 8DX",norton.london,0121 288 8819 ,"https://c.yell.com/t_bigRect,f_auto/db9b0368-fb5b-4014-9cb5-0a0f2ebdf3ad_image_jpeg.jpg"
Futons Online,"24 Beauchamp Rd, London, SW11 1PQ",www.futonsonline.co.uk?utm_source=yell&utm_medium=referral&utm_campaign=yell,020 7223 7212 ,"https://c.yell.com/t_bigRect,f_auto/4a09f3cb-e5b6-4a2e-a1c5-8e89602dbc19_image_jpeg.jpg"
Lets Assist Digital Services Ltd,"14 Hanover St, London, W1S 1YH",www.letsassist.biz,020 3603 4962 ,"https://c.yell.com/t_bigRect,f_auto/cc383280-c9d8-4658-a961-1a4716350b5f_image_png.png"
London Logo Design,"201 Wood Lane, London, W12 7TU",londonlogodesigns.co.uk,020 3807 5383 ,"https://c.yell.com/t_bigRect,f_auto/d5be7e3f-929e-42f1-869d-48fa1f09cccd_image_jpeg.jpg"
Pedrosshop,"Flat 62, Navarino Mansions, Dalston Lane, London, E8 1LD",pedrosshop.com,020 7193 3709 ,"https://c.yell.com/t_bigRect,f_auto/fb058ab1-c9bf-49bb-98f8-a9ec1792b743_image_gif.gif"
Fox and Berry Bespoke Illustration and Graphic Design,"Tehidy Carholme Rd, London, SE23 2HT",www.foxandberry.co.uk,07932 738 473 ,"https://c.yell.com/t_bigRect,f_auto/8e2e7d53-d2cb-42b2-b797-3bb76f5da8b6_image_png.png"
Focus PC Support Services,"241/251 Temple Chambers, 3-7 Temple Avenue, London, EC4Y 0DT",www.focuspc.co.uk,020 7870 6366 ,"https://c.yell.com/t_bigRect,f_auto/3e16dce9-d47f-48fd-a01d-798f9bf390ee_image_png.png"
Say Web Design,"3rd Floor 207 Regent St, London, W1B 3HH",www.mayswebdesign.co.uk,020 3637 6510 ,https://www.yell.com/searchfe/yframe/yelldotcom/default/_yframe/min/images/yell-dummy.png
MEK Town Planning & Design Consultants Ltd,"Flat 14, Clive House, Haddo St, London, SE10 9RH",,07506 208449 ,"https://c.yell.com/t_bigRect,f_auto/93843dc8-bb60-40ce-94ab-e168c41145f3_image_jpeg.jpg"
Residential Design Solutions Ltd,"71-75 Shelton St, London, WC2H 9JQ",www.residentialdesigns.co.uk,020 8004 4464 ,"https://c.yell.com/t_bigSquare,f_auto/bcf7b066-7079-4f9a-8c48-913acfa03a25_image_png.png"
Online Audience Hosting & Web Developments,"8 Boddington House, Pomeroy St, London, SE14 5BX",www.onlineaudience.co.uk?utm_source=yell&utm_medium=referral&utm_campaign=yell,020 3026 0532 ,"https://c.yell.com/t_bigRect,f_auto/8ee45246-f147-41bb-9d54-dd63b54fb120_image_png.png"
Residential Design Solutions Ltd,"71-75 Shelton St, London, WC2H 9JQ",www.residentialdesigns.co.uk,020 8004 4464 ,"https://c.yell.com/t_bigSquare,f_auto/bcf7b066-7079-4f9a-8c48-913acfa03a25_image_png.png"
P C Hospital,"4.03 Aragon Tower, George Beard Rd, London, SE8 3AH",www.pchospital-uk.com,020 8469 0003 ,"https://c.yell.com/t_bigRect,f_auto/4d27bcd4-8e3c-4fbb-bd4b-a5f8c2c493bb_image_jpeg.jpg"
Red Line Europe Limited,"British Monomarks House, 27 Old Gloucester Street, London, WC1N 3AX",,08081 447776 ,"https://c.yell.com/t_bigRect,f_auto/d577eed6-1808-4401-8641-750cb7130dca_image_jpeg.jpg"
Vitality Planning & Design,"27 Old Gloucester St, London, WC1N 3AX",www.vitalityplans.co.uk,07454 565187 ,"https://c.yell.com/t_bigRect,f_auto/ddbb47f4-1968-4457-940c-a48c80045891_image_png.png"
Plans4Less Architects,"21-23 The Broadway, London, N8 8DU",plans4less.co.uk,020 3773 2021 ,"https://c.yell.com/t_bigRect,f_auto/979ba8e6-cfa1-40a8-bbb6-1644979c6f78_image_png.png"
Logo Symmetry,"6 Hays Lane, London, SE1 2HB",www.logosymmetry.co.uk?utm_source=yell&utm_medium=referral&utm_campaign=yell,0808 164 6615 ,"https://c.yell.com/t_bigRect,f_auto/9cfcd068-954b-4c05-8961-1f91418e59a8_image_jpeg.jpg"
Exposed Design Consultants,"P.O Box 35575, London, NW4 4UH",exposed.co.uk?utm_source=yell&utm_medium=referral&utm_campaign=yell,020 8202 5964 ,"https://c.yell.com/t_bigRect,f_auto/6c8efbee-d6cd-43b6-8fa2-d418a3c09bc0_image_gif.gif"
Lapunne,"7 Bell Yard, London, WC2A 2JR",www.lapunne.com?utm_source=yell&utm_medium=referral&utm_campaign=yell,07932 665883 ,https://www.yell.com/searchfe/yframe/yelldotcom/default/_yframe/min/images/yell-dummy.png
Dependable Digital,"Monomark House, 27, Old Gloucester St, London, WC1N 3AX",www.dependabledigital.co.uk,020 7112 9218 ,"https://c.yell.com/t_bigRect,f_auto/90b0d944-4d69-4505-abac-79d90f3c7e5e_image_png.png"
London Lessons - Language School,"1 Goldhawk Rd, London, W12 8QQ",londonlessons.org,07986 716205 ,"https://c.yell.com/t_bigRect,f_auto/cc7adb97-86f4-4e92-abad-25a1bbcfbc52_image_jpeg.jpg"
OurFuture Ltd,"4 Harlescott Road, London, SE15 3BZ",www.ourfuture.com,020 3016 8319 ,"https://c.yell.com/t_bigRect,f_auto/9df24342-21de-4031-a1a9-698a3a1df5dd_image_png.png"
Photoion Photography School,"14 Lower Marsh, London, SE1 7RJ",www.photoion.co.uk,020 7207 6499 ,"https://c.yell.com/t_bigRect,f_auto/3902ee43-577c-4549-b71f-59708db5e8ee_image_png.png"
Felix Web Design,"within Docklands Business Centre, 10-16, Tiller Rd, London, E14 8PX",,0800 9704771 ,"https://c.yell.com/t_bigRect,f_auto/535d2504-8e09-4318-b68e-739ade18a1d1_image_jpeg.jpg"
Imax Design Ltd,"1 Tilia Rd, London, E5 8JB",imax-design.com,020 3700 6708 ,https://www.yell.com/searchfe/yframe/yelldotcom/default/_yframe/min/images/yell-dummy.png
Urbanist Architecture Ltd,"2 Little Thames Walk, London, SE8 3FB",www.urbanistarchitecture.co.uk,020 3793 7878 ,"https://c.yell.com/t_bigRect,f_auto/3ff19373-639f-4b1f-8cbb-a5f272d4d065_image_png.png"
Brane Ltd,"Eastgate House, 16-19, Eastcastle St, London, W1W 8DA",www.brane.co.uk,020 7637 9005 ,https://www.yell.com/searchfe/yframe/yelldotcom/default/_yframe/min/images/yell-dummy.png
Jessimi Web Design Agency,"1 Victoria Mews, London, SW18 3PY",jessimi.com,07906 604693 ,"https://c.yell.com/t_bigRect,f_auto/a070d701-0180-4be5-a006-b481be78deb3_image_jpeg.jpg"
RocketshipWP,"56 Burnbury Rd, London, SW12 0EL",www.rocketshipwp.com,020 7183 4043 ,"https://c.yell.com/t_bigRect,f_auto/188a0150-9d41-40c6-82c5-5116dbc18443_image_jpeg.jpg"
Maxgo Business Solutions,"Riverbank House, 1, Putney Bridge Approach, London, SW6 3JD",www.maxgo.co.uk,020 3637 0801 ,"https://c.yell.com/t_bigRect,f_auto/7e9707f5-329e-4a81-a916-4824ca9a5ac7_image_png.png"
fotographic.eu,"59 Kingsmead Rd, London, SW2 3HY",fotographic.eu,07513 457884 ,"https://c.yell.com/t_bigRect,f_auto/2796d7ac-b51f-499d-a2a4-7b0b5b3e87f7_image_png.png"
Digital Nerds UK,"16 High Holborn, London, WC1V 6BX",www.digital-nerds.uk,0333 577 1383 ,"https://c.yell.com/t_bigRect,f_auto/ee6ec385-e874-4502-bb9a-ed480168bfd3_image_png.png"
Purr Group,"Kenrick House, 65, Newman St, London, W1T 3EG",www.purr.co.uk,020 3137 5612 ,https://www.yell.com/searchfe/yframe/yelldotcom/default/_yframe/min/images/yell-dummy.png
B&20 British School Ltd,"2 Regent House Pepper St, Muirfield Crescent, London, E14 9SZ",www.b-20britishschool.com,020 3488 2056 ,"https://c.yell.com/t_bigRect,f_auto/f43ccf39-458f-4673-926a-8513393c7092_image_jpeg.jpg"
Medu Designs,"20-22 Wenlock Rd, London, N1 7GU",medudesigns.com,0330 043 2836 ,"https://c.yell.com/t_bigRect,f_auto/c98218e7-66b5-42e8-a46b-08e830b673c6_image_png.png"
Domenech Designs Ltd,"10 Manor Court, Aylmer Rd, London, N2 0PJ",www.domenechdesign.com,020 3287 4814 ,"https://c.yell.com/t_bigRect,f_auto/970b66b4-87bc-46d3-83af-886b9fbd0d20_image_jpeg.jpg"
Hardcastle Architects,"33 Lockhurst St, Hackney, London, E5 0AP",www.hardcastlearchitects.com,020 8533 0995 ,"https://c.yell.com/t_bigRect,f_auto/84e8910d-5c95-4b9f-8be8-2fe7e4d32ba5_image_jpeg.jpg"
Space Media Agency,"189 Marsh Wall, London, E14 9SH",www.spacemediaagency.com,020 3504 5872 ,"https://c.yell.com/t_bigRect,f_auto/36e349d6-2fbc-4adf-988a-baa9374ad09e_image_jpeg.jpg"
4D Planning,"86-90 Paul St, London, EC2A 4NE",www.4dplanning.com,020 3929 4600 ,"https://c.yell.com/t_bigRect,f_auto/c2ed7eed-5f17-4559-93d9-5fbea2d2cf9b_image_jpeg.jpg"
Nigel Bird Architects,"Henry Wood House, 2, Riding House St, London, W1W 7FA",www.nigelbirdarchitects.co.uk,020 3770 7571 ,"https://c.yell.com/t_bigRect,f_auto/2270a140-39b1-49da-a596-977520f4128c_image_png.png"
Adrastichyperlink,"67 Perry Avenue, London, W3 6YH",www.adrastichyperlink.co.uk?utm_source=yell&utm_medium=referral&utm_campaign=yell,07934 593146 ,"https://c.yell.com/t_bigRect,f_auto/509bd83c-f5ef-4ea6-963f-02a0e4d201cc_image_png.png"
StartTeck,"Lincoln House, 296-302, High Holborn, London, WC1V 7JH",www.startteck.com,07833 455280 ,https://www.yell.com/searchfe/yframe/yelldotcom/default/_yframe/min/images/yell-dummy.png
oea Furniture Ltd,"96 High Rd, London, NW10 2PP",www.oeafurniture.co.uk,07747 340037 ,"https://c.yell.com/t_bigRect,f_auto/1ff04229-3a22-4a08-bbd4-920cacc9e763_image_jpeg.jpg"
Projectsdeal.coUk,"10 Upper Bank St, London, E14 5JJ",projectsdeal.co.uk,020 3514 8888 ,"https://c.yell.com/t_bigRect,f_auto/845450b0-e73f-4a79-a15f-fef81b334dcb_image_jpeg.jpg"
CatchLocal - Website Design & Online Marketing,"Office 215 26 Cheering Lane, London, E20 1BD",www.catchlocal.co.uk,020 7118 0786 ,"https://c.yell.com/t_bigRect,f_auto/a719bea2-ed42-4397-b3e5-28cab3b02a7e_image_png.png"
West London Carpentry & Decoration,"Studio 1, 52-56, Standard Rd, London, NW10 6EU",www.westlondoncarpentry.com,07795 411400 ,"https://c.yell.com/t_bigRect,f_auto/3eca2d46-8f3e-4db4-bee3-73661c459f62_image_jpeg.jpg"
Domainiah,"399 Katherine Rd, London, E7 8LT",domainiah.com,07404 525692 ,"https://c.yell.com/t_bigRect,f_auto/caec847b-0802-4108-a9c8-6a43422ac8e0_image_png.png"
Albatross Technology Solutions,"17 Hanover Square, London, W1S 1HU",www.albatross-tech.com,020 3239 7824 ,https://www.yell.com/searchfe/yframe/yelldotcom/default/_yframe/min/images/yell-dummy.png
Living Well at Home Ltd,"Monomark House, 27, Old Gloucester St, London, WC1N 3AX",www.livingwellathome.co.uk,0800 448 8248 ,https://www.yell.com/searchfe/yframe/yelldotcom/default/_yframe/min/images/yell-dummy.png
Zero One Networking,"1st floor, 85, Great Portland St, London, W1W 7LT",www.zeroonenet.co.uk,020 7993 5594 ,"https://c.yell.com/t_bigRect,f_auto/57b6be14-448f-4f49-9c60-efa5928a947e_image_png.png"
WebBang Ltd,"62 Windmill Lane, London, E15 1PH",webbang.co.uk?utm_source=yell&utm_medium=referral&utm_campaign=yell,020 8144 0500 ,"https://c.yell.com/t_bigRect,f_auto/8325c77d-cde0-4e96-b8b6-28c2692b0152_image_png.png"
Chiswick Computers,"349 King St, London, W6 9NH",hammersmithcomputers.co.uk,020 8846 9022 ,"https://c.yell.com/t_bigRect,f_auto/aae991e3-b88f-4087-9c31-555859fa5ad3_image_jpeg.jpg"
2M Online Services Ltd,"27 Old Gloucester St, London, WC1N 3AX",www.2m.network,07588 862098 ,https://www.yell.com/searchfe/yframe/yelldotcom/default/_yframe/min/images/yell-dummy.png
Kleo Digital - london,"Henry Wood House, 2, Riding House St, London, W1W 7FA",www.kleodigitallondon.co.uk,020 3893 1330 ,"https://c.yell.com/t_bigRect,f_auto/81209b1a-0207-423a-8e96-a3cf10bcd769_image_jpeg.jpg"
Creative-Web,"1 Canada Square, London, E14 5AB",www.creative-webuk.com,020 7117 2963 ,https://www.yell.com/searchfe/yframe/yelldotcom/default/_yframe/min/images/yell-dummy.png
LCCL Construction,"3rd floor, Hathaway House, Popes Drive, London, N3 1QF",www.adconstructionlondon.co.uk,020 8037 7332 ,"https://c.yell.com/t_bigRect,f_auto/0a8bd3e3-997c-4ece-8122-af8a4c91fa43_image_jpeg.jpg"
Iniyas Ltd,"20-22 Wenlock Rd, London, N1 7GU",iniyas.co.uk,020 8050 3048 ,"https://c.yell.com/t_bigRect,f_auto/f8d59f15-34b0-4b78-9c0e-da328488bed7_image_png.png"
SortMySpace Ltd,"85 Great Portland St, London, W1W 7LT",www.sortmyspace.co.uk?utm_source=yell&utm_medium=referral&utm_campaign=yell,07914 612531 ,"https://c.yell.com/t_bigRect,f_auto/90ac912e-240f-4840-8c78-905c4d59f51a_image_jpeg.jpg"
Verge Tech Solutions Ltd,"first floor, 85, Great Portland St, London, W1W 7LT",vergetech.co.uk,020 3488 0336 ,"https://c.yell.com/t_bigRect,f_auto/c48eb6a3-cc9f-4a38-8144-6718aae49faa_image_jpeg.jpg"
JG Educate Ltd,"44 Blythe Vale, London, SE6 4NR",www.jgeducate.com,07539 436011 ,"https://c.yell.com/t_bigRect,f_auto/59b3ed64-7777-4668-9733-05063a6ddf59_image_jpeg.jpg"
Bespoke Brand Developers,"60 Coteford St, London, SW17 8NY",www.bespokebranddevelopers.com,07960 261908 ,"https://c.yell.com/t_bigRect,f_auto/97be4294-0cc5-4f8e-85a5-e28230d15e3e_image_jpeg.jpg"
Bespoke Brand Developers,"60 Coteford St, London, SW17 8NY",www.bespokebranddevelopers.com,07960 261908 ,"https://c.yell.com/t_bigRect,f_auto/97be4294-0cc5-4f8e-85a5-e28230d15e3e_image_jpeg.jpg"
E M H Global Ltd,"29 Broadway, London, E15 4BQ",www.theemhglobal.com,0845 331 3182 ,"https://c.yell.com/t_bigRect,f_auto/79bd5d1e-176b-46e4-8979-74ff78d58ce8_image_jpeg.jpg"
Discount Plans Ltd,"9 Cheapside North Circular Rd, London, N13 5ED",www.discountplansltd.com,07838 135957 ,"https://c.yell.com/t_bigRect,f_auto/763f131b-d4f3-40fc-bb8e-0fcf355e6b11_image_jpeg.jpg"
KC Cabinetworks,"5 Sunbeam Rd, London, NW10 6JP",www.kccabinetworks.com,07852 504918 ,"https://c.yell.com/t_bigRect,f_auto/c2caaf32-8810-4421-a7e6-c817abb19fd9_image_png.png"
TradeinBricks,"Unit 2 Tunnel Avenue, Delta Wharf, London, SE10 0QE",www.tradeinbricks.co.uk,020 7354 1415 ,"https://c.yell.com/t_bigSquare,f_auto/04cec067-affb-4cc1-b4bf-121d49454bc5_image_png.png"
Bravo London Ltd,"Unit 5 The Chase Centre 8, Chase Rd, London, NW10 6QD",www.bravolondon.co.uk,020 8965 5680 ,"https://c.yell.com/t_bigSquare,f_auto/1fcb58f9-793d-4ca2-91f9-fccee38bffd6_image_jpeg.jpg"
The Living Room London,"16 Curzon St, London, W1J 5HP",www.thelivingroomlondon.com,0800 690 6000 ,https://www.yell.com/searchfe/yframe/yelldotcom/default/_yframe/min/images/yell-dummy.png
Form GB,"66b Cromwell Rd, London, SW19 8NA",www.formgb.co.uk,07982 911136 ,"https://c.yell.com/t_bigRect,f_auto/5151cced-d078-4e5b-a64c-9147bcee5958_image_jpeg.jpg"
Free Website Design London,"New House, 67-68, Hatton Garden, London, EC1N 8JY",,0800 002 9891 ,"https://c.yell.com/t_bigRect,f_auto/4f6f68ff-6bd5-454f-8377-163ff4b7ceda_image_jpeg.jpg"
Richie Ashbeck,"107 Kessock Close, London, N17 9PW",www.richieashbeck.com,07554 710030 ,"https://c.yell.com/t_bigRect,f_auto/6e28a919-43c2-4bb8-ae13-dbcafd52b422_image_jpeg.jpg"
ARK Drafting Studio,"Croydon, London, SW16 4SD",arkdraftingstudio.uk.com,020 3802 1808 ,"https://c.yell.com/t_bigRect,f_auto/1c6afb7a-634e-4c01-94f1-c6868d3cb67e_image_png.png"
One Click Web Design,,justclickwebsitedesign.co.uk,07581 408969 ,"https://c.yell.com/t_bigRect,f_auto/7979459f-309a-4897-8c29-d8e52a7fa298_image_jpeg.jpg"
Maciels Repairs,"Vant Rd, London, SW17 8TJ",maciels-repairs.Co.uk,07522 377235 ,"https://c.yell.com/t_bigRect,f_auto/aa2382c9-18a6-46e8-854f-7d7ce75bab87_image_png.png"
The Confederation of Tourism & Hospitality,"Audley House 13 Palace St, London, SW1E 5HX",www.cthawards.com,020 3411 7895 ,https://www.yell.com/searchfe/yframe/yelldotcom/default/_yframe/min/images/yell-dummy.png
ABP Party Wall Services,,www.abpriba.co.uk?utm_source=yell&utm_medium=referral&utm_campaign=yell,020 3963 9846 ,"https://c.yell.com/t_bigRect,f_auto/98bd5cc6-f501-44d7-a65b-c778b0633c50_image_jpeg.jpg"
S Q Design,"14 Broomfield Avenue, London, N13 4JN",www.sqdesign.co.uk,020 8882 7685 ,"https://c.yell.com/t_bigRect,f_auto/c35d0552-2f04-473d-bb29-6eab4d6e07fe_image_jpeg.jpg"
Corporate Spec,"Unit 3 Thames Rd, London, E16 2EZ",corporatespec.com,020 3376 6097 ,"https://c.yell.com/t_bigRect,f_auto/f17f5028-f5da-4a27-829f-076c639a6df4_image_jpeg.jpg"
LB Archigroup Ltd,"679-691 High Rd Leyton, London, E10 6RA",,07710 410150 ,"https://c.yell.com/t_bigRect,f_auto/be131488-da7d-4fb4-8215-c0de41dde2fd_image_png.png"
A2z Computer Solutions,"188 Wandsworth Rd, London, SW8 2JU",www.a2zcomputersolutions.co.uk,020 7627 5643 ,"https://c.yell.com/t_bigRect,f_auto/1601f856-2a10-4788-833b-378777ee9073_image_jpeg.jpg"
London PC Fix,"2a Robinson Rd Flat 1, London, SW17 9DJ",www.londonpcfix.com,07912 601463 ,"https://c.yell.com/t_bigRect,f_auto/5a2b3def-5830-47e8-95ba-073cc1415f6f_image_png.png"
Arcwin,"Unit D, 150, Coles Green Rd, London, NW2 7JL",www.arcwin.co.uk,020 8452 3366 ,"https://c.yell.com/t_bigRect,f_auto/7622e0fe-5927-4478-b178-29ec512e333e_image_jpeg.jpg"
Website Motix,"89 Bickersteth Rd, London, SW17 9SH",www.websitemotix.co.uk,0800 041 8756 ,"https://c.yell.com/t_bigSquare,f_auto/9e69e6e8-c1d4-47c2-bdd0-29ace2848a9d_image_png.png"
Panda Life Ltd,"447 High Rd, London, N12 0AF",www.mypandalife.com,020 8935 5380 ,"https://c.yell.com/t_bigRect,f_auto/2834ccc8-477d-415d-a50e-57a66b1ff122_image_jpeg.jpg"
Fluper,"120 High Rd, London, N2 9ED",www.fluper.com,01834 826763 ,"https://c.yell.com/t_bigSquare,f_auto/cae2ca9f-46c0-455e-83eb-312730102cab_image_png.png"
Headstart I.T Solutions,"Unit 2 The Gateway 2a, Rathmore Rd, London, SE7 7QW",www.theheadstart.com,020 3597 6781 ,"https://c.yell.com/t_bigRect,f_auto/da34bc4a-b2ca-49a8-82d6-9e07eb98721f_image_jpeg.jpg"
A2z Computer Solutions,"188 Wandsworth Rd, London, SW8 2JU",www.a2zcomputersolutions.co.uk,020 7627 5643 ,"https://c.yell.com/t_bigRect,f_auto/1601f856-2a10-4788-833b-378777ee9073_image_jpeg.jpg"
V&V Architects Ltd,"Flat 1/C, 85, Mayow Rd, London, SE26 4AA",www.vvarchitects.co.uk,07955 356876 ,"https://c.yell.com/t_bigRect,f_auto/96d67e8d-968a-4ae7-83a0-076d7ac0e4e7_image_png.png"
Web IT Etc,"62 Charlton Church Lane, London, SE7 7AB",webitetc.com,020 3397 9610 ,"https://c.yell.com/t_bigRect,f_auto/4f65c932-b0a7-46e7-a2ee-c5182c91ee07_image_jpeg.jpg"
Design Studio E17,"22 Somers Rd, London, E17 6RX",www.studioe17.com,07782 337221 ,"https://c.yell.com/t_bigRect,f_auto/db370a22-9a58-42cc-834f-7ce0d51e00f2_image_jpeg.jpg"
My Design & Build Ltd,"701 Timber Court, 84, Abbey Rd, Barking, IG11 7FA",WWW.MYDESIGNANDBUILD.CO.UK,07852 700196 ,"https://c.yell.com/t_bigRect,f_auto/fcec23f0-b798-493b-ba61-9f6bdf50c019_image_png.png"
Engineering Design BY,"30 Carolina Rd, Thornton Heath, CR7 8DT",www.engdeby.co.uk,07886 701813 ,"https://c.yell.com/t_bigRect,f_auto/daf47c6f-089c-41fb-801a-0f92ce392ae0_image_jpeg.jpg"
Beckenham Interiors Ltd,"Unit 3, 2, Thayers Farm Rd, Beckenham, BR3 4LZ",www.beckenhaminteriors.com,020 8419 8305 ,"https://c.yell.com/t_bigRect,f_auto/b4213b5f-fde1-439a-9534-1cde2f9eeb7e_image_jpeg.jpg"
Nuhous,"Hathaway House Popes Drive, London, N3 1QF",www.nuhous.co.uk,020 3719 8735 ,"https://c.yell.com/t_bigRect,f_auto/d6930524-e103-4588-a297-b41b8f162392_image_png.png"
Qooje Designs Ltd,"24 Holborn Viaduct, London, EC1A 2BN",,07507 299819 ,"https://c.yell.com/t_bigRect,f_auto/30b1a7c4-dc5a-4fed-b132-8b568d73d4ac_image_jpeg.jpg"
JM Graphic Design,"169a Victoria Rd, Barnet, EN4 9PA",www.jmgraphicdesign.com,020 7993 4375 ,"https://c.yell.com/t_bigRect,f_auto/bc964ff4-7e74-4e5e-983e-5b0ad90ebaee_image_jpeg.jpg"
Consagous Technologies,"Portland House Bressenden Place, London, SW1E 5RS",www.consagous.com,020 3514 4002 ,https://www.yell.com/searchfe/yframe/yelldotcom/default/_yframe/min/images/yell-dummy.png
Quantentity,"34 67-68, Hatton Garden, London, EC1N 8JY",www.quantentity.com?utm_source=yell&utm_medium=referral&utm_campaign=yell,07518 601764 ,"https://c.yell.com/t_bigSquare,f_auto/679a00dc-fc50-450b-96c6-ba6db3fcd62d_image_jpeg.jpg"
360 Web Solutions,"75a Barking Rd, London, E16 4HB",www.360websolutions.co.uk,020 7993 8020 ,https://www.yell.com/searchfe/yframe/yelldotcom/default/_yframe/min/images/yell-dummy.png
ITI Repairs Ltd,"302 High St North, London, E12 6SA",www.itirepairs.co.uk,07889 121609 ,"https://c.yell.com/t_bigRect,f_auto/9ba4a775-ac0d-443e-83aa-eae7fae22f70_image_jpeg.jpg"
Burchell Design Services,"1 Brook Square, London, SE18 4NB",www.burchelldesignservices.co.uk,07545 853439 ,"https://c.yell.com/t_bigRect,f_auto/b6faf323-95b4-4dbe-bc36-5f2978f73ecb_image_png.png"
Foxcomm IT Support,"4th floor Silverstream House 45, Fitzroy St, London, W1T 6EB",foxcomm.co.uk?utm_source=yell&utm_medium=referral&utm_campaign=yell,020 3370 1436 ,"https://c.yell.com/t_bigRect,f_auto/1a7250b5-2343-4e8e-99b3-7cec4b3b4df2_image_jpeg.jpg"
Axis Vector Design Ltd,"181 London Rd, Mitcham, CR4 2JB",www.axisvector.co.uk,07491 268732 ,"https://c.yell.com/t_bigRect,f_auto/1c3d443b-c2e0-4488-95dd-24fce3c573c7_image_png.png"
Social Media24,"1 Mychell House Pincott Rd, London, SW19 2NN",socialmedia24.co.uk,020 3488 0854 ,"https://c.yell.com/t_bigRect,f_auto/f005ad20-51b5-4571-b7ac-2b8b1fecbe7d_image_png.png"
BitWeb Development Solutions,"4th floor St. Cross St, London, EC1N 8UN",,07737 965937 ,"https://c.yell.com/t_bigRect,f_auto/6a7b8528-9fe5-42ba-9ec2-5d1b1c7830dd_image_jpeg.jpg"
Gumtrue,"21 Bendish Rd, London, E6 1JH",www.gumtrue.com,07772 713476 ,"https://c.yell.com/t_bigRect,f_auto/402e3ae4-8fec-465b-a7a3-052523c9c324_image_png.png"
Studio 25 Architects,"rear of 157 Forest Rd, London, E17 6HE",www.s25architects.co.uk,07706 967735 ,"https://c.yell.com/t_bigRect,f_auto/2db5678a-4127-4004-9c61-c01642badbd3_image_jpeg.jpg"
Metro Wardrobes,"Unit 29 Hallmark Trading Estate, Fourth Way, Wembley, HA9 0LB",www.metrowardrobes.co.uk,020 3488 3347 ,"https://c.yell.com/t_bigRect,f_auto/dab47a70-2160-4cda-947e-cafe28f611e3_image_jpeg.jpg"
Aesthetix Furniture,"60 Windsor Avenue, London, SW19 2RR",www.aesthetixfurniture.co.uk,07561 075568 ,"https://c.yell.com/t_bigRect,f_auto/e7cb9008-33ba-4476-8d84-f40729fb1f00_image_jpeg.jpg"
MSK Design Ltd,"230 High St, Barnet, EN5 5TD",www.mskdesign.co.uk,020 3021 2236 ,"https://c.yell.com/t_bigRect,f_auto/732acb0f-ad8d-45f9-aea2-378e8220102d_image_gif.gif"
Vidan Lawnes,"27 Tavistock Square, London, WC1H 9HH",twitter.com,020 3143 3591 ,"https://c.yell.com/t_bigRect,f_auto/e4f8c4f1-becb-4d37-bf5a-c18d997df0fb_image_jpeg.jpg"
Speedydot,"43 Claremont Rd, London, E7 0QD",www.speedydot.co.uk,020 3886 0759 ,"https://c.yell.com/t_bigRect,f_auto/fd968253-bcc8-4660-827f-a0aa67738060_image_png.png"
GaChi Tech Ltd,"196 Mayeswood Road, London, SE12 9SB",www.gachitech.co.uk,07393 449621 ,"https://c.yell.com/t_bigRect,f_auto/06245237-9dd1-4b1d-89a5-d9ff4e2cc1c7_image_jpeg.jpg"
Sixthart Architectural Design Studio,"12 Eaton Row, London, SW1W 0JA",www.sixthart.co.uk,07774 391359 ,"https://c.yell.com/t_bigRect,f_auto/2ee87b14-6c77-4858-a619-dc5a0427f8f9_image_png.png"
Himal Tech Ltd,"19 Plumstead Rd, London, SE18 7BZ",www.himaltech.co.uk?utm_source=yell&utm_medium=referral&utm_campaign=yell,020 8316 5790 ,"https://c.yell.com/t_bigRect,f_auto/95cc9b62-884b-4c59-bd20-d5f1be267bc8_image_jpeg.jpg"
A D A Architecture,"Unit 2, Breasy Place, Burroughs Gardens, London, NW4 4AT",www.ada-architecture.co.uk,020 8202 1766 ,"https://c.yell.com/t_bigRect,f_auto/de3bd4d0-5e89-4363-87af-5578923e7b45_image_png.png"
IM Design & Build Ltd,"38 Jago Close, London, SE18 2TY",,07773 174254 ,"https://c.yell.com/t_bigRect,f_auto/04325c37-daa6-4fa7-90f6-69adc85205e7_image_jpeg.jpg"
FCR Group,"44 Colwyn Crescent, Hounslow, TW3 4AW, Middlesex",fcrgroup.org.uk,07504 923883 ,"https://c.yell.com/t_bigRect,f_auto/11c67d6a-8431-496a-8cdc-ad2eb07fb9c0_image_jpeg.jpg"
Oxygen Media,"41a The Avenue, London, W13 8JR",car-graphics.co.uk,07535 286892 ,"https://c.yell.com/t_bigRect,f_auto/b449e898-e392-4001-bd47-90f1d6fa4f27_image_jpeg.jpg"
DrawnHouse Ltd,,drawnhouse.co.uk,07999 329377 ,"https://c.yell.com/t_bigRect,f_auto/92dee7fc-ab9c-491a-8512-b2e8c28e73ac_image_jpeg.jpg"
Contemp vs Antique,"477 Westhorne Avenue, London, SE9 5LR",contempantique.co.uk,020 8698 5905 ,"https://c.yell.com/t_bigRect,f_auto/c91dedbb-698f-4768-a41d-c030d91c7f8a_image_jpeg.jpg"
Bright Building Solutions,"5 Connaught Rd, London, E4 7DL",www.brightbuildingsolutions.co.uk,020 7112 8766 ,"https://c.yell.com/t_bigRect,f_auto/4bf1729d-17b3-4e28-a26c-d0331a1a4ffd_image_png.png"
TAD Media Ltd,"Regal Court Holders Hill Rd, London, NW7 1ND",www.tadmedia.co.uk,020 8125 3058 ,"https://c.yell.com/t_bigRect,f_auto/03c55cef-a4c9-4927-ba24-42f273ef26b1_image_jpeg.jpg"
Atelier 41 Architects,"1 Manor Drive, London, N20 0DZ",www.atelier41architects.co.uk,07399 409190 ,"https://c.yell.com/t_bigRect,f_auto/31facacf-282a-4f98-8d50-31eaf5cf5bbb_image_jpeg.jpg"
Ranks Direct,"105 Bruce Grove, London, N17 6UR",www.ranksdirect.co.uk,020 3372 5310 ,https://www.yell.com/searchfe/yframe/yelldotcom/default/_yframe/min/images/yell-dummy.png
The SEO Lounge,"91 Church Rd, London, SE19 2TA",www.theseolounge.co.uk,07969 704281 ,https://www.yell.com/searchfe/yframe/yelldotcom/default/_yframe/min/images/yell-dummy.png
Freedom Homes Architects,,www.freedomhomesarchitects.co.uk,02035 976944 ,"https://c.yell.com/t_bigRect,f_auto/f5eab6d9-03a6-4bd9-ad87-bb833fc532fb_image_jpeg.jpg"
Focus Build Home Improvements,"51-53 Chigwell Rd, London, E18 1NG",www.focusbuild.net?utm_source=yell&utm_medium=refferal&utm_campaign=yell,020 8050 2676 ,"https://c.yell.com/t_bigRect,f_auto/262d9828-9ec6-4807-8a12-563fa840e5e7_image_jpeg.jpg"
Wizard Logo Design,"2nd floor Berkeley Square House, Berkeley Square, London, W1J 6BD",www.wizardlogodesign.com,07950 810719 ,"https://c.yell.com/t_bigSquare,f_auto/28751cb2-f188-4d2a-8f31-90fbae8d4a77_image_png.png"
Kompas London,"16 Electric Parade, Seven Kings Rd, Ilford, IG3 8BY",www.kompas.co.uk,020 8590 0002 ,"https://c.yell.com/t_bigRect,f_auto/6ba57039-7161-4bd2-95ed-186f2ef42c98_image_png.png"
Vital Concept Ltd,"18 Aintree Rd, Greenford, UB6 7LA",www.vitalconcept.co.uk,020 8902 9298 ,"https://c.yell.com/t_bigRect,f_auto/4daf72f9-549c-499e-8a06-09ece2ca3004_image_jpeg.jpg"
B S E 3D Ltd,"231 Vauxhall Bridge Rd, London, SW1W 0BS",www.bse3d.com,020 7193 7146 ,"https://c.yell.com/t_bigRect,f_auto/2abd0ea7-6efd-459b-8859-2bbfb91016cc_image_jpeg.jpg"
Altmore Architecture,"125 Altmore Avenue, London, E6 2BU",www.altmorearchitecture.com,07927 617691 ,"https://c.yell.com/t_bigRect,f_auto/043053e9-6895-47e3-b5a8-0f535792eeca_image_jpeg.jpg"
Spectronics,"8 Lombard Rd, London, SW19 3TZ",www.spectronics.co.uk,0333 344 4110 ,"https://c.yell.com/t_bigRect,f_auto/58221e99-067d-47d6-a5fb-76151fbf4c35_image_jpeg.jpg"
BK Web Design,"55 Cobham Close, Edgware, HA8 5QG",www.bkwebdesignlondon.co.uk,020 3302 0677 ,"https://c.yell.com/t_bigRect,f_auto/7ba446f9-f1d4-4376-a516-7bbd433c46c3_image_png.png"
Vix Solutions,"Suite 34 New House, 67 And 68 Hatton Garden, London, EC1N 8JY",www.vixsolutionsltd.co.uk,020 3290 0849 ,https://www.yell.com/searchfe/yframe/yelldotcom/default/_yframe/min/images/yell-dummy.png
